totoya-iiyo	1	img_9204.jpg	
totoya-iiyo	2	img_9135.jpg	部屋・設備
totoya-iiyo	3	img_9136.jpg	部屋・設備
totoya-iiyo	4	img_9138-1.jpg	圧倒的満足度！美味くてボリューム満点な食事
totoya-iiyo	5	image-9.jpg	圧倒的満足度！美味くてボリューム満点な食事
totoya-iiyo	6	img_9139.jpg	圧倒的満足度！美味くてボリューム満点な食事
totoya-iiyo	7	image-1-3.jpg	圧倒的満足度！美味くてボリューム満点な食事
totoya-iiyo	8	img_9142.jpg	圧倒的満足度！美味くてボリューム満点な食事
totoya-iiyo	9	img_9143.jpg	圧倒的満足度！美味くてボリューム満点な食事
totoya-iiyo	10	b26600a1-dc12-473a-963b-a4360bc585f0.jpeg	まとめ
gulp-powder	1	image_458536d5-809e-461f-b429-7425bc269c00.jpg	
gulp-powder	2	image.jpg	作り方
gulp-powder	3	image-1.jpg	作り方
gulp-powder	4	image-2.jpg	作り方
gulp-powder	5	image-3.jpg	作り方
gulp-powder	6	image-4.jpg	作り方
gulp-powder	7	image-5.jpg	完成！ガルプササミ
iroha-sushi-akitsu-menu	1	img_9468.jpg	場所はどこにあるの？駐車場は？
iroha-sushi-akitsu-menu	2	img_8987.jpg	メニュー
iroha-sushi-akitsu-menu	3	img_9436.jpg	メニュー
iroha-sushi-akitsu-menu	4	img_9422.jpg	メニュー
iroha-sushi-akitsu-menu	5	img_8990-1.jpg	オススメはやっぱり海鮮丼？
iroha-sushi-akitsu-menu	6	img_9432.jpg	オススメはやっぱり海鮮丼？
iroha-sushi-akitsu-menu	7	img_9425.jpg	海鮮丼だけじゃない！ほかのものも食べてみて
iroha-sushi-akitsu-menu	8	img_9435.jpg	海鮮丼だけじゃない！ほかのものも食べてみて
kotamagairyouri	1	img_9381.jpg	
kotamagairyouri	2	img_6702.jpg	
kotamagairyouri	3	img_9387.jpg	オキアサリ（沖アサリ）の特徴・見分け方
kotamagairyouri	4	img_9388.jpg	オキアサリ（沖アサリ）の特徴・見分け方
kotamagairyouri	5	img_9373.jpg	調理編
kotamagairyouri	6	img_9374.jpg	調理編
kotamagairyouri	7	img_9375.jpg	調理編
kotamagairyouri	8	img_9376.jpg	調理編
kotamagairyouri	9	img_9377.jpg	調理編
kotamagairyouri	10	img_9378.jpg	調理編
kotamagairyouri	11	img_9379.jpg	調理編
kotamagairyouri	12	img_9380.jpg	調理編
kotamagairyouri	13	img_9381.jpg	実食！その味は？
kotamagairyouri	14	img_9382.jpg	実食！その味は？
kotamagairyouri	15	img_9383.jpg	実食！その味は？
kotamagairyouri	16	img_9384.jpg	実食！その味は？
kotamagairyouri	17	img_6702.jpg	実食！その味は？
aoriika-cooking	1	img_8452.jpg	
aoriika-cooking	2	img_8453.jpg	
aoriika-cooking	3	image-1-6.jpg	
aoriika-cooking	4	img_8454.jpg	
aoriika-cooking	5	img_8456.jpg	
aoriika-cooking	6	img_8467.jpg	
agetate-tenpura-hongo	1	img_1207.jpg	あつあつ揚立てっちゃん本郷店は、こんなお店！
agetate-tenpura-hongo	2	img_1208.jpg	あつあつ揚立てっちゃん、メニュー
agetate-tenpura-hongo	3	img_1215.jpg	個人的一推し！オススメメニュー。炙り太刀天重
agetate-tenpura-hongo	4	img_1216.jpg	個人的一推し！オススメメニュー。炙り太刀天重
agetate-tenpura-hongo	5	img_1214.jpg	揚立ての天ぷらも当然美味しい！
agetate-tenpura-hongo	6	img_1212.jpg	揚立ての天ぷらも当然美味しい！
agetate-tenpura-hongo	7	img_1210.jpg	あつあつ揚立てっちゃん本郷店、店舗情報
iphone-photo-alt	1	img_2167-1.jpg	
iphone-photo-alt	2	a4377727-8225-46b6-a063-d7035d65096b.jpeg	
iphone-photo-alt	3	img_2167-1.jpg	
iphone-photo-alt	4	img_2170-1.jpg	iPhone側でカメラの設定が変わっていないか確認！
iphone-photo-alt	5	img_2168-1.jpg	iPhone側でカメラの設定が変わっていないか確認！
iphone-photo-alt	6	img_2169-1.jpg	iPhone側でカメラの設定が変わっていないか確認！
iphone-photo-alt	7	img_2192-1-e1696647433917.jpg	画像を編集しよう！
iphone-photo-alt	8	img_2172-1.jpg	画像を編集しよう！
catfish	1	img_0164-1.jpg	
catfish	2	a4377727-8225-46b6-a063-d7035d65096b.jpeg	
catfish	3	img_0008.jpg	狙うポイント！深場は狙わなくてOK浅い場所にも居るよ
chibou	1	5_20221030223849.jpg	
chibou	2	img_0411.png	
chibou	3	img_0416.jpg	かわいいキャラクター
chibou	4	img_0420.jpg	かわいいキャラクター
chibou	5	img_0409.jpg	飲み方①ソフトドリンク、みんなでチー坊
chibou	6	img_0247.jpg	飲み方②お酒で大人のチー坊
gekiyasu-metal-vibration	1	a4377727-8225-46b6-a063-d7035d65096b.jpeg	
gekiyasu-metal-vibration	2	img_0489.jpg	安いには理由がある…デメリットはコチラ
gekiyasu-metal-vibration	3	img_0492.jpg	ゲキブルブレードのチカラ
gekiyasu-metal-vibration	4	img_0352.jpg	実際に魚が釣れる！
ginnjoura-men	1	img_9529.jpg	
ginnjoura-men	2	img_9523.jpg	ラーメン亭・民都ってどんなお店？
ginnjoura-men	3	img_9525.jpg	人気メニュー
ginnjoura-men	4	img_9524.jpg	人気メニュー
ginnjoura-men	5	img_9526.jpg	人気メニュー
ginnjoura-men	6	img_9529.jpg	人気メニュー
gogocurry	1	img_0223-2.jpg	メニュー
gogocurry	2	img_0222.jpg	テイクアウトその１【マンハッタンカレー】
gogocurry	3	img_0221.jpg	テイクアウトその２【ダブルカツカレー】
gogocurry	4	img_0220.jpg	お支払方法・店舗情報など
gogocurry	5	img_0218.jpg	ペイペイなど、電子決済の種類が豊富！
gopro-jidoribou	1	gptempdownload-1.jpg	
gopro-jidoribou	2	img_9010.jpg	5メートル超ロング自撮り棒
gopro-jidoribou	3	image-3.jpg	50メートル防水ケース
gopro-jidoribou	4	image-2.jpg	50メートル防水ケース
gopro-jidoribou	5	image-1-2.jpg	GoPro HERO10 Black
gopro-jidoribou	6	image-1-1.jpg	実際に撮影してみよう
gopro-jidoribou	7	7_20221225190028.jpg	実際に撮影してみよう
gopro-jidoribou	8	image-2-1.jpg	実際に撮影してみよう
gulpalivepowder	1	img_9758.jpg	
gulpalivepowder	2	img_9759.jpg	アレンジもイケる！！
hanabiramenn	1	img_1339.jpg	
hanabiramenn	2	5_20221030223849.jpg	
hanabiramenn	3	img_1347.jpg	華火はこんなお店！
hanabiramenn	4	img_1344.jpg	華火のメニュー
hanabiramenn	5	img_1339.jpg	華火のオススメ！魚介醤油ラーメン
hanabiramenn	6	img_1340.jpg	華火のオススメ！魚介醤油ラーメン
hanabiramenn	7	img_1343.jpg	『華火』店舗情報
hiroshima-koorogi	1	img_9584-1.jpg	
hiroshima-koorogi	2	img_9584.jpg	商品到着～開封の儀
hiroshima-koorogi	3	img_9585.jpg	商品到着～開封の儀
hiroshima-koorogi	4	img_9605.jpg	商品到着～開封の儀
hiroshima-koorogi	5	img_9604.jpg	昆虫ロースト・広島こおろぎ実食！その味は？
hiroshima-station-ramen-michimaru	1	img_9910.jpg	
hiroshima-station-ramen-michimaru	2	img_9908.jpg	お店の情報
hiroshima-station-ramen-michimaru	3	img_9909.jpg	メニュー
hiroshima-station-ramen-michimaru	4	img_9911.jpg	オススメメニュー
inbloombeppu	1	a4377727-8225-46b6-a063-d7035d65096b.jpeg	
inbloombeppu	2	img_2471-1.jpg	In Bloom Beppu(インブルームベップ)施設情報
inbloombeppu	3	img_2424-1.jpg	一棟ならでは！キッチン付きリビング
inbloombeppu	4	img_2423-1.jpg	一棟ならでは！キッチン付きリビング
inbloombeppu	5	img_2427-1.jpg	寝室は二部屋あり！ベッドじゃなく、お布団です。
inbloombeppu	6	img_2626-1.jpg	周辺のオススメ！『海鮮 いづつ』で大分名物を食べる
inbloombeppu	7	img_2627-1.jpg	食後は温泉へ行こう！鬼石の湯(おにいしのゆ)
inbloombeppu	8	img_2573-1.jpg	防府天満宮
inbloombeppu	9	img_2628-1.jpg	唐戸市場で昼食
inbloombeppu	10	img_2421-1.jpg	しものせき市立水族館 海響館
inbloombeppu	11	img_2419-1.jpg	しものせき市立水族館 海響館
inbloombeppu	12	img_2466-1.jpg	17時ごろチェックイン～夕食と温泉
inbloombeppu	13	img_2481-1.jpg	ドライブ旅行！今回のコース紹介～２日目～
inbloombeppu	14	img_2629-1.jpg	湯布院・湯の坪街道で食べ歩き！オススメ駐車場情報あり
inbloombeppu	15	img_2630-1.jpg	日田で進撃の巨人聖地巡礼(プチ)【大山ダム～水辺の郷 おおやま】
inbloombeppu	16	img_2631-1.jpg	帰りの道中、福岡県【長浜屋台 やまちゃん】
karaagekariju	1	img_0741.jpg	
karaagekariju	2	a4377727-8225-46b6-a063-d7035d65096b.jpeg	
karaagekariju	3	img_0737.jpg	メニュー
karaagekariju	4	img_0747.jpg	超オススメメニュー『紅ショウガからあげ』
karaagekariju	5	img_0740.jpg	これが定番！シンプルに『骨なしからあげ』
karaagekariju	6	img_0741.jpg	これが定番！シンプルに『骨なしからあげ』
karaagekariju	7	img_0745.jpg	ツマミにいかが？『手羽先からあげ』
karaagekariju	8	img_0735.jpg	からあげやカリッジュ西条寺家店・店舗情報
hiroshima-gourmet	1	img_9529.jpg	東広島西条町下見『民都』吟醸仕込みラーメンとレアチャーシュー
hiroshima-gourmet	2	img_9910.jpg	広島駅付近の美味い店紹介！『博多ラーメン みちまる』の絶品豚骨ラーメン
hiroshima-gourmet	3	4863991321563518181.42c7be82e6871ea2a6f7e0025ea984ad.23032413.jpg	安佐北区の美味しいディナー！オールドアメリカンなお店『マシュー』で食べる！
hiroshima-gourmet	4	0125ff5f-58bf-48c1-96de-e2c695d60b17.jpeg	アーモンドで育った『大トロ！広島コオロギ』の味は？食味レポあり
hiroshima-gourmet	5	img_9556.jpg	西条中央『らー亭』味よし量よし！味千ラーメン唐揚げ定食が最強すぎた
hiroshima-gourmet	6	img_9533.jpg	【東広島市西条中央】焼肉あさひ、美味しい焼肉と中華そばを食べる
hiroshima-gourmet	7	img_9484.jpg	東広島市安芸津『いろは寿司』の海鮮丼は価格と美味しさで２度驚く！
hiroshima-gourmet	8	img_9190-1.jpg	感動の松葉ガニ実食！山陰旅行、境港編
hiroshima-gourmet	9	img_9204.jpg	【浜村温泉・魚と屋(ととや)】 1泊2食お手軽プラン。美味しい海鮮ではち切れたお腹！至福の温泉で最高の時間
matsuura	1	img_1484.jpg	
matsuura	2	5_20221030223849.jpg	
matsuura	3	img_1376.jpg	【らーめんまつうら】はどんなお店？
matsuura	4	img_1389.jpg	【らーめんまつうら】店内
matsuura	5	img_1388.jpg	【らーめんまつうら】店内
matsuura	6	img_1379.jpg	【らーめんまつうら】店内
matsuura	7	img_1390.jpg	【らーめんまつうら】メニュー
matsuura	8	img_1381.jpg	【らーめんまつうら】オススメメニュー『さんま 醤油』
matsuura	9	img_1382.jpg	【らーめんまつうら】オススメメニュー『さんま 醤油』
matsuura	10	img_1387.jpg	いっぷう変わった替玉方法
matthewoishii	1	4863991321563518181.9585410a356753469d3237cec160e013.23032413.jpg	Matthew(マシュー)は、こんなお店！
matthewoishii	2	4863991321563518181.e79af6ba58d25c471cdf65e104c00fc5.23032413.jpg	メニューは日替わり系も豊
matthewoishii	3	4863991321563518181.245b1cd68196d52620c6cbf6237b7740.23032413.jpg	メニューは日替わり系も豊富！行ってみてのお楽しみ
matthewoishii	4	4863991321563518181.8dfecbed7f5af9bd0fc6b41372c53358.23032413.jpg	メニューは日替わり系も豊富！行ってみてのお楽しみ
matthewoishii	5	4863991321563518181.a8667b1ad3b7733110a1e3f9bf7d4ca2.23032413.jpg	メニューは日替わり系も豊富！行ってみてのお楽しみ
matthewoishii	6	img_9641.jpg	メニューは日替わり系も豊富！行ってみてのお楽しみ
matthewoishii	7	img_9645.jpg	美味しい料理は見た目から美味しい！
matthewoishii	8	img_9644.jpg	美味しい料理は見た目から美味しい！
matthewoishii	9	4863991321563518181.42c7be82e6871ea2a6f7e0025ea984ad.23032413.jpg	美味しい料理は見た目から美味しい！
matthewoishii	10	4863991321563518181.34b95edb553ca3a2c85dabb18f9d25f7.23032413.jpg	美味しい料理は見た目から美味しい！
matthewoishii	11	4863991321563518181.d3ae66963c4c1aa775a57b8d514747a8.23032413.jpg	美味しい料理は見た目から美味しい！
matthewoishii	12	img_9717.jpg	美味しい料理は見た目から美味しい！
matthewoishii	13	4863991321563518181.7152aa2104eac27fc11be0d6c618a5bb.23032413.jpg	美味しい料理は見た目から美味しい！
matthewoishii	14	4863991321563518181.e1b4560b92962b62ab74ce256a850338.23032413.jpg	美味しい料理は見た目から美味しい！
matthewoishii	15	4863991321563518181.0fcda707b3518c970d1fa25db0e0b3a7.23032413.jpg	美味しい料理は見た目から美味しい！
matthewoishii	16	img_9648.jpg	美味しい料理は見た目から美味しい！
matthewoishii	17	img_9649.jpg	美味しい料理は見た目から美味しい！
matthewoishii	18	4863991321563518181.6874149ea807b40eb12cb67cdc644482.23032413.jpg	美味しい料理は見た目から美味しい！
matthewoishii	19	4863991321563518181.0d62f58084b8acb1dc2edd777896d45b.23032413.jpg	美味しい料理は見た目から美味しい！
matthewoishii	20	img_9653.jpg	美味しい料理は見た目から美味しい！
matubagani	1	img_9185.jpg	
matubagani	2	img_9182.jpg	
matubagani	3	img_9184.jpg	
matubagani	4	img_9181.jpg	
matubagani	5	img_9183.jpg	
matubagani	6	img_9188-scaled-e1676180706562.jpg	
matubagani	7	img_9187.jpg	
matubagani	8	img_9189.jpg	
matubagani	9	img_9190-1.jpg	
matubagani	10	img_9198.jpg	
matubagani	11	img_9196.jpg	
matubagani	12	img_9197.jpg	
nobezaoshikake	1	img_9356.jpg	
nobezaoshikake	2	23_20230211174006.jpg	延べ竿仕掛けのパーツ
nobezaoshikake	3	img_9331.jpg	リリアンと道糸の結び方は『ちちわ結び』が簡単！！
nobezaoshikake	4	img_9332.jpg	リリアンと道糸の結び方は『ちちわ結び』が簡単！！
nobezaoshikake	5	img_9333.jpg	リリアンと道糸の結び方は『ちちわ結び』が簡単！！
nobezaoshikake	6	img_9330.jpg	リリアンと道糸の結び方は『ちちわ結び』が簡単！！
nobezaoshikake	7	img_9328.jpg	リリアンと道糸の結び方は『ちちわ結び』が簡単！！
nobezaoshikake	8	img_9334.jpg	リリアンと道糸の結び方は『ちちわ結び』が簡単！！
nobezaoshikake	9	img_9336-1.jpg	リリアンと道糸の結び方は『ちちわ結び』が簡単！！
nobezaoshikake	10	img_9340.jpg	ウキをつけよう！
nobezaoshikake	11	img_9341.jpg	ウキをつけよう！
nobezaoshikake	12	img_9339.jpg	ハリスと釣り針
nobezaoshikake	13	img_9342.jpg	ハリスと釣り針
nobezaoshikake	14	img_9346.jpg	ハリスと釣り針
nobezaoshikake	15	img_9349.jpg	ハリスと釣り針
nobezaoshikake	16	img_9352.jpg	仕掛けの運び屋、オモリをつけよう
nobezaoshikake	17	img_9353.jpg	仕掛けの運び屋、オモリをつけよう
nobezaoshikake	18	img_9356.jpg	あとはエサをつけて釣るだけ！
nobezaoshikake	19	img_9354-1.jpg	あとはエサをつけて釣るだけ！
nobezaoshikake	20	img_9865.jpg	あとはエサをつけて釣るだけ！
yakitori-riku	1	5_20221030223849.jpg	
yakitori-riku	2	img_0239-1.jpg	メニュー
yakitori-riku	3	img_0238.jpg	メニュー
yakitori-riku	4	img_0243.jpg	これは食べて！絶品の白肝
yakitori-riku	5	img_0244.jpg	ご飯物・とり丼
yakitori-riku	6	img_0247.jpg	広島のソウルドリンク『チー坊』ハイボール
yakitori-riku	7	img_0409.jpg	広島のソウルドリンク『チー坊』ハイボール
yakitori-riku	8	img_0248.jpg	お店の情報
yakitori-riku	9	img_9069.jpg	管理釣り場の魚は美味しい？これがオススメ！ギンザケの食べ方【フィッシングレイクたかみや男の手料理編】
yakitori-riku	10	img_9615.jpg	安佐北区の『焼助』は、広島でもトップクラスに美味しいお好み焼き
yakitori-riku	11	img_0248.jpg	東広島西条『炭火焼鳥 陸』極上のひと串と、広島のソウルドリンクで乾杯！
yakitori-riku	12	img_9910.jpg	広島駅付近の美味い店紹介！『博多ラーメン みちまる』の絶品豚骨ラーメン
yakitori-riku	13	0125ff5f-58bf-48c1-96de-e2c695d60b17.jpeg	アーモンドで育った『大トロ！広島コオロギ』の味は？食味レポあり
yakitori-riku	14	img_9484.jpg	東広島市安芸津『いろは寿司』の海鮮丼は価格と美味しさで２度驚く！
okonomiyaki-yakisuke	1	img_9615.jpg	
okonomiyaki-yakisuke	2	a4377727-8225-46b6-a063-d7035d65096b.jpeg	
okonomiyaki-yakisuke	3	img_9615.jpg	お好み焼きの特徴
okonomiyaki-yakisuke	4	img_9616-scaled-e1680788250134.jpg	お好み焼きの特徴
okonomiyaki-yakisuke	5	img_9612.jpg	お店の情報
orizuru-tower	1	img_1729.jpg	
orizuru-tower	2	5_20221030223849.jpg	
orizuru-tower	3	img_1707.jpg	おりづるタワー初体験！どんな施設かな？
orizuru-tower	4	img_1603.jpg	おりづるタワー初体験！どんな施設かな？
orizuru-tower	5	img_1720.jpg	1階部分は入場無料！カフェでランチや、お土産が買えるよ。
orizuru-tower	6	img_1609.jpg	1階部分は入場無料！カフェでランチや、お土産が買えるよ。
orizuru-tower	7	img_1612.jpg	入場料を払い、いざ上階へ！
orizuru-tower	8	img_1620.jpg	入場料を払い、いざ上階へ！
orizuru-tower	9	img_1621.jpg	入場料を払い、いざ上階へ！
orizuru-tower	10	img_1721.jpg	昼はカフェ、夜はバーになる屋上展望台
orizuru-tower	11	img_1622.jpg	昼はカフェ、夜はバーになる屋上展望台
orizuru-tower	12	img_1628.jpg	昼はカフェ、夜はバーになる屋上展望台
orizuru-tower	13	img_1643.jpg	昼はカフェ、夜はバーになる屋上展望台
orizuru-tower	14	img_1630.jpg	昼はカフェ、夜はバーになる屋上展望台
orizuru-tower	15	img_1728.jpg	昼はカフェ、夜はバーになる屋上展望台
orizuru-tower	16	img_1729.jpg	おりづるタワー・折り鶴の壁へ
orizuru-tower	17	img_1654.jpg	おりづるタワー・折り鶴の壁へ
orizuru-tower	18	img_1667.jpg	おりづるタワー・折り鶴の壁へ
orizuru-tower	19	img_1669.jpg	おりづるタワー・折り鶴の壁へ
orizuru-tower	20	img_1730.jpg	折り鶴の壁へ投入！！！
orizuru-tower	21	img_1652.jpg	折り鶴の壁へ投入！！！
orizuru-tower	22	img_1648.jpg	スパイラルスロープ【散歩坂】
orizuru-tower	23	img_1671.jpg	すべり台 くるくるくーる
orizuru-tower	24	img_1735.jpg	すべり台 くるくるくーる
orizuru-tower	25	img_1731.jpg	すべり台 くるくるくーる
orizuru-tower	26	img_1683.jpg	１階まで下りたらお土産タイム！
orizuru-tower	27	img_1612.jpg	おりづるタワー・施設情報 入場料
orizuru-tower	28	img_1615.jpg	おりづるタワー・施設情報 入場料
roast-beef-yusen	1	5_20221030223849.jpg	
roast-beef-yusen	2	img_0273-1.jpg	楽天の激安黒毛和牛～開封！
roast-beef-yusen	3	img_0275.jpg	楽天の激安黒毛和牛～開封！
roast-beef-yusen	4	img_0276.jpg	お肉を常温に戻して、コショウをふる
roast-beef-yusen	5	img_0284.jpg	表面に軽く焼き目をつける
roast-beef-yusen	6	img_0286.jpg	ジップロックの中に入れたら湯煎をする
roast-beef-yusen	7	img_0285.jpg	ジップロックの中に入れたら湯煎をする
roast-beef-yusen	8	img_0289-1.jpg	ジップロックの中に入れたら湯煎をする
roast-beef-yusen	9	img_0293.jpg	切ってお皿に盛り付けたら完成！
roast-beef-yusen	10	img_0279-1.jpg	まとめ
ra-tei	1	img_9556.jpg	
ra-tei	2	img_9555.jpg	らー亭って、どんなお店？
ra-tei	3	img_9557-scaled-e1678544208569.jpg	らー亭・メニュー
ra-tei	4	img_9552-scaled-e1678544319976.jpg	らー亭・メニュー
ra-tei	5	img_9553.jpg	らー亭・メニュー
ramenkou	1	a4377727-8225-46b6-a063-d7035d65096b.jpeg	
ramenkou	2	img_0778.jpg	ラーメン康のメニュー
ramenkou	3	img_0775.jpg	オススメメニュー・三原ラーメン
ramenkou	4	img_0776.jpg	オススメメニュー・三原ラーメン
sabiki-beginner	1	29_20230902223453.jpg	
sabiki-beginner	2	img_0643.jpg	サビキ釣りのカゴは？
sanin-sightseeing	1	5_20221030223849.jpg	
sanin-sightseeing	2	img_1514.jpg	出雲大社
tottori-drive	1	img_1543.jpg	
tottori-drive	2	5_20221030223849.jpg	
tottori-drive	3	img_9184.jpg	境港（さかいみなと）
tottori-drive	4	102eba66-9137-4804-a90b-4c3c452071f1-20321-00000be1c7df3b76_file.jpg	皆生温泉（かいけおんせん）
tottori-drive	5	img_1528.jpg	大山（だいせん）
tottori-drive	6	img_1556.jpg	青山剛昌ふるさと館
tottori-drive	7	img_1553.jpg	青山剛昌ふるさと館
tottori-drive	8	img_1527.jpg	中国庭園 燕趙園（えんちょうえん）
tottori-drive	9	img_1533.jpg	鳥取砂丘 砂の美術館
tottori-drive	10	img_1557.jpg	鳥取砂丘
sayori	1	image-3.jpg	
sayori	2	image-4.jpg	
sayori	3	img_8498.jpg	
sayori-taberu	1	img_8486-1.jpg	
sayori-taberu	2	image-5.jpg	
sayori-taberu	3	img_8486.jpg	
sayori-taberu	4	image-1-1.jpg	
sayori-taberu	5	image-2-1.jpg	
sayori-taberu	6	image-3-1.jpg	
sayori-taberu	7	image-4-1.jpg	
sayori-tsurikata	1	img_8675.jpg	
sayori-tsurikata	2	13_20230116204154.jpg	仕掛け（ささめ針・お！サヨリOK!延べ竿用）
sayori-tsurikata	3	image-6.jpg	仕掛け（ささめ針・お！サヨリOK!延べ竿用）
sayori-tsurikata	4	image-1-2.jpg	仕掛け（ささめ針・お！サヨリOK!延べ竿用）
sayori-tsurikata	5	image-2-2.jpg	仕掛け（ささめ針・お！サヨリOK!延べ竿用）
sayori-tsurikata	6	img_8670.jpg	仕掛け（ささめ針・お！サヨリOK!延べ竿用）
sayori-tsurikata	7	image-3-2.jpg	撒き餌
shiosoba-maeda-hiroshima	1	img_0727.jpg	
shiosoba-maeda-hiroshima	2	a4377727-8225-46b6-a063-d7035d65096b.jpeg	
shiosoba-maeda-hiroshima	3	img_0720.jpg	写真で紹介、お店がオシャレ！
shiosoba-maeda-hiroshima	4	img_0726-1.jpg	写真で紹介、お店がオシャレ！
shiosoba-maeda-hiroshima	5	img_0721.jpg	食券機・メニュー
shiosoba-maeda-hiroshima	6	img_0722.jpg	食券機・メニュー
shiosoba-maeda-hiroshima	7	img_0727.jpg	塩そば まえだ『和そば』を実食！
shiosoba-maeda-hiroshima	8	img_0728.jpg	塩そば まえだ『和そば』を実食！
shiosoba-maeda-hiroshima	9	img_0721.jpg	『塩そば まえだ』メニュー
kotamagai-seafood-gathering	1	img_6702.jpg	コタマガイ・オキアサリってこんな貝
kotamagai-seafood-gathering	2	img_9381.jpg	採ったあとは食べよう！
tougorouiwashi	1	img_0659.jpg	オリーブファクトリー前でサビキ釣り！
tougorouiwashi	2	img_0641.jpg	この日に接岸してきた群れはトウゴロウイワシ
tougorouiwashi	3	img_0638.jpg	この日に接岸してきた群れはトウゴロウイワシ
tougorouiwashi	4	img_0690.jpg	トウゴロウイワシを料理して食べる！
tougorouiwashi	5	img_0703.jpg	オススメの食べ方はコレ！『唐揚げ』
tougorouiwashi	6	img_0702.jpg	やりかたを間違えてしまった『塩焼き』
tougorouiwashi	7	img_0697.jpg	生食のオススメ『せごし』
tougorouiwashi	8	img_0698.jpg	生食のオススメ『せごし』
tougorouiwashi	9	img_0704.jpg	手間が掛かるのが惜しい『刺身』
tsureruurawaza	1	a4377727-8225-46b6-a063-d7035d65096b.jpeg	
tsureruurawaza	2	image_458536d5-809e-461f-b429-7425bc269c00.jpg	ガルプアライブパウダ―とは
tsureruurawaza	3	img_9986.jpg	ガルプアライブパウダ―とは
tsureruurawaza	4	img_9987.jpg	ちょっとひと手間でさらにパワーアップ！
tsureruurawaza	5	img_9988.jpg	ちょっとひと手間でさらにパワーアップ！
tsureruurawaza	6	img_9982.jpg	ちょっとひと手間でさらにパワーアップ！
tsureruurawaza	7	img_9984.jpg	使い方・実際に釣ってみよう！
tsureruurawaza	8	img_9983.jpg	釣果のほどは？
tsureruurawaza	9	img_9990.jpg	釣果のほどは？
tsureruurawaza	10	img_9758.jpg	まとめ・釣れない人は試してみる価値あり！
yakinikuasahi	1	img_9533.jpg	
yakinikuasahi	2	img_9530-e1677846992313.jpg	メニュー
yakinikuasahi	3	img_9478.jpg	オススメ
yakinikuasahi	4	img_9476.jpg	オススメ
yakinikuasahi	5	img_9475.jpg	オススメ
yakinikucenter	1	img_2633-1.jpg	
yakinikucenter	2	a4377727-8225-46b6-a063-d7035d65096b.jpeg	
yakinikucenter	3	img_2635-1.jpg	焼肉センターはどんなお店？店舗情報はコチラ！
yakinikucenter	4	img_2608-1.jpg	焼肉センター・メニュー
yakinikucenter	5	img_2606-1.jpg	焼肉センター・メニュー
yakinikucenter	6	img_2609-1.jpg	焼肉センター・メニュー
yakinikucenter	7	img_2612-1.jpg	オススメメニューは和牛カルビ！
yakinikucenter	8	img_2618-1.jpg	オススメメニューは和牛カルビ！
yamaguchi-drive	1	img_2138-1.jpg	
yamaguchi-drive	2	5_20221030223849.jpg	
yamaguchi-drive	3	img_2140-1.jpg	地底王国美川ムーバレーで冒険！
yamaguchi-drive	4	img_2142-1.jpg	萩 城下町で江戸時代にタイムスリップ！？
yamaguchi-drive	5	img_2146-1.jpg	別府弁天池で神秘的な蒼にうっとり
yamaguchi-drive	6	gptempdownload-1.jpg	絶景！日本3大カルスト・秋吉台
yamaguchi-drive	7	img_2147-1.jpg	海と鳥居の朱色が美しい元乃隅神社
yamaguchi-drive	8	img_2153-1.jpg	長門湯本温泉で、旅の合間に極上の休息
yamaguchi-drive	9	img_2148-1.jpg	角島は絶対オススメ！山口県の名所
yamaguchi-drive	10	img_2149-1.jpg	手軽に海鮮を楽しめる唐戸市場！
yamaguchi-drive	11	img_2150-1.jpg	ココ目的で高速道路に乗っても損はない！壇ノ浦PA(下り)
yariika-fishing	1	image-11.jpg	
yariika-fishing	2	16_20230119224921.jpg	タックル選び！【竿・リール・ライン】持ってる人は飛ばして読んでね
yariika-fishing	3	image-12.jpg	餌巻きエギとエサ
yariika-fishing	4	17_20230119230432.jpg	準備が出来たら釣り場へ行こう！場所選びのコツ
